{"community_contributing.md":"DDJ_voKK","features_api-key-management.md":"Cvrjub8F","features_apply-certificate.md":"B7Lext7r","features_automation-workflows.md":"BRyIc37E","features_certificate-management.md":"c0jOerEt","features_dashboard.md":"He2hhfCL","features_ltd.md":"r5IGOysE","features_monitoring.md":"DlIKMmI5","features_settings.md":"Di8pdwFu","guide_getting-started.md":"Bky2Tdx-","guide_introduction.md":"CvAglVlu","guide_who-is-it-for.md":"F0q-k8Uw","index.md":"DD36DSB0","license.md":"BGS3CmKr"}
