{
  "hash": "14ea4667",
  "configHash": "e92592aa",
  "lockfileHash": "d2b0688a",
  "browserHash": "5df0b25e",
  "optimized": {
    "vue": {
      "src": "../../../../../../../AppData/Local/npm-cache/_npx/a3af1b0fdbe56d97/node_modules/vue/dist/vue.runtime.esm-bundler.js",
      "file": "vue.js",
      "fileHash": "78c9cbd6",
      "needsInterop": false
    },
    "@theme/index": {
      "src": "../../../../../../../AppData/Local/npm-cache/_npx/a3af1b0fdbe56d97/node_modules/vitepress/dist/client/theme-default/index.js",
      "file": "@theme_index.js",
      "fileHash": "3d8c6754",
      "needsInterop": false
    }
  },
  "chunks": {
    "chunk-627Z2XZ2": {
      "file": "chunk-627Z2XZ2.js"
    }
  }
}